ID,Name
f99a5821c49d4a8eaa40dbc457beda3c,Jack Fleming
e595e8971f0d4500b512f788f52e60da,Quinn (He/Him)
e2c317228ea34373a515e66d3a20c482,y2ckt
2a1b637e09834879baf13d6cc3459270,hammond
ac8a680b7955442a80c999deb6aab714,Fondueprocess
a0b73e083ccb4f47b21b2610b6915946,Heather
95367467c3c244779c24ee4e208d4951,Oliver
0deee60a9f0c4d998b45fd856897f5ff,Allison
973f840c49e647e7ac79e1c70601dd32,Will D
67040e2a1e1c4eb997d9532783a6ef9d,scott
5e8bc840b00145efbfcd4d1c83dba93a,Aidanread27
947108d0cdb94e129909189c4964d936,Brendon Y
785c8c32eeeb4d73ac591923d6be0ab3,Mr. Peanut Butter
e98f72b9f9f84c2caa5021514fc7922e,Ninon
44c140da5a134631b7f50016ff9dbe43,chayamichla
87f328a3c1954610a39f9256c38112d4,JR
c94c9264317a4a1797d2365290d910d8,Gideon Jones
65279960b4874030a6671bc9ca3d93ea,em.………
b544469392664a4991a606c799b18b48,Erin (she/her)
ce3ca5f764744d4fbee748edefcfe950,IAAP
a61d5b98d58a4ddc93a720ef9f5cb865,Zach V
137ec3c1cc6f4e9888844c5d69ede69a,Zach
c033a6b702f34151b0fdcadad122f307,Sandra
72d29831b3ff49b08781d8d8d7770e8a,Jonathan 
3ff9983351594938b47db2bcae094103,Ethan
e9d98052a2ff4f8ebae8737748e8228e,Dan
d25f0ab9da35475f8ecb2f3e68747cca,meg 
13794d1f47264a8b8954d166bf389b95,nr031197
1ecb480139f24cc98c2ce6a2c2af9e4e,melissa
b537dd84a6f646998366c28e4c1a16a0,tyler (she/her)
fe88b3f0df524756b638fe8ea42499e8,Joe E
1c07f4c3be9e45049830f73fc5e710a8,Klayton A
6a2c01841df8486ba32b13b9a154a5d5,Gooth Ghoul
00ccf61afac848a5ba4d304c525fc34a,Lemon Bowl
b289f6bd176a46e688e791937178a1c7,joshuahwatson
aae433407a3f4ce8a6fb77f6cee32f99,Rob K
50bcd53a0bf84421a05d12190c08c895,joshb42
e89573646ce94dcdabda343641556e94,Dana
4db453a9dc464c61ac6cba5da3eeea43,Nate
9416b32e74624c38af7716f4ded8e7f7,seth
be03c0bdbe8248699a4ba0a3797ae52f,Jared
983b6859aa98447db175a8fdccc00106,Dylan
7c97159365824bf4b0e2ccb6206c079b,Hassan
49faaa14c395402099d4e28047b171d1,sean
99d11bf38300420a95e28fc12a87c822,Carl
093c3780bbb342d2ad202956b223ccdb,Angela
824648a642c743d9b2e10f7b0d06085e,jimmyp215
baa33e187fbc43b98463c10a6e72e50c,owat
23aa3e4f1f204e0ea5e8862ac5dde426,Sidney
